group_type,group_name,num_images,dino_layer,segformer_stage,cka_mean,ssm_mean
overall,all,4006,1,stage1,0.6640908732467214,0.6425396615766729
overall,all,4006,1,stage2,0.5151565156679896,0.5320838301726657
overall,all,4006,1,stage3,0.36788157126120014,0.3781612534238713
overall,all,4006,1,stage4,0.4924540586343674,0.42362762680255145
overall,all,4006,2,stage1,0.6911337099712727,0.6347394857743474
overall,all,4006,2,stage2,0.547919140500958,0.526946512639106
overall,all,4006,2,stage3,0.3772429877699642,0.3792941612937765
overall,all,4006,2,stage4,0.49252960294823583,0.4330657885569839
overall,all,4006,3,stage1,0.7087488598931866,0.6777113495442014
overall,all,4006,3,stage2,0.5660926255430511,0.5748738729345221
overall,all,4006,3,stage3,0.3884884527234869,0.41888943538292905
overall,all,4006,3,stage4,0.5036627727909887,0.46539691090392005
overall,all,4006,4,stage1,0.7237210283488318,0.7236395363383928
overall,all,4006,4,stage2,0.5814637106118414,0.6291331378701206
overall,all,4006,4,stage3,0.39714371259368425,0.45372518003024104
overall,all,4006,4,stage4,0.5104601235406523,0.48471831056604153
overall,all,4006,5,stage1,0.7638278692231676,0.7757374529637995
overall,all,4006,5,stage2,0.6306974300207999,0.6969336716237808
overall,all,4006,5,stage3,0.4235987871200873,0.5096142731878499
overall,all,4006,5,stage4,0.524887547519986,0.5202927862227064
overall,all,4006,6,stage1,0.7800211888578494,0.7990372014593257
overall,all,4006,6,stage2,0.6472729061299185,0.7213005091822035
overall,all,4006,6,stage3,0.42921740618635285,0.5084169712280311
overall,all,4006,6,stage4,0.5255848260403899,0.504865212583588
overall,all,4006,7,stage1,0.7382169371983199,0.7671369997578982
overall,all,4006,7,stage2,0.6443645598974099,0.7216772310551083
overall,all,4006,7,stage3,0.4311573432532478,0.5314086372264314
overall,all,4006,7,stage4,0.509078871456909,0.5109008138248892
overall,all,4006,8,stage1,0.720890830129132,0.7400636309855471
overall,all,4006,8,stage2,0.6404471044399354,0.7121017222784188
overall,all,4006,8,stage3,0.49462376744730496,0.5874633404370017
overall,all,4006,8,stage4,0.6138307014540678,0.6246308836782806
overall,all,4006,9,stage1,0.687743045817419,0.6993487910500064
overall,all,4006,9,stage2,0.6303837768774418,0.6851390319738279
overall,all,4006,9,stage3,0.5238540862732034,0.6183500282700753
overall,all,4006,9,stage4,0.6409889856577514,0.658523253505074
overall,all,4006,10,stage1,0.7091087001565094,0.7334467215250565
overall,all,4006,10,stage2,0.657198161883647,0.7394464727020597
overall,all,4006,10,stage3,0.5423233526992727,0.667874247229998
overall,all,4006,10,stage4,0.6470508012200854,0.6789059623056689
overall,all,4006,11,stage1,0.6908132061845829,0.7169053203394219
overall,all,4006,11,stage2,0.6534665022129067,0.7391702177907845
overall,all,4006,11,stage3,0.5536536755439226,0.6918727829271236
overall,all,4006,11,stage4,0.6405238187646366,0.6783024865168663
overall,all,4006,12,stage1,0.694245500701163,0.7297933751561911
overall,all,4006,12,stage2,0.6632518902071345,0.7814943982521654
overall,all,4006,12,stage3,0.5680360309984228,0.7368482181758685
overall,all,4006,12,stage4,0.6471319576233432,0.6892940348169534
overall,all,4006,13,stage1,0.6674348174915633,0.705315729401377
overall,all,4006,13,stage2,0.6393201289790544,0.7607211732917943
overall,all,4006,13,stage3,0.5807722262960044,0.7547217325395307
overall,all,4006,13,stage4,0.6596044638248545,0.7079113319002862
overall,all,4006,14,stage1,0.6482175756887502,0.6785909508578609
overall,all,4006,14,stage2,0.6249841096635705,0.7474554543398764
overall,all,4006,14,stage3,0.591029845181847,0.7664961859293717
overall,all,4006,14,stage4,0.664658708418838,0.7111278413030069
overall,all,4006,15,stage1,0.6298252752778891,0.6512299631231735
overall,all,4006,15,stage2,0.6039189707991842,0.7306251907670016
overall,all,4006,15,stage3,0.5923319613255088,0.7706306243219556
overall,all,4006,15,stage4,0.6698515107497178,0.7114589739399318
overall,all,4006,16,stage1,0.6096336895519058,0.6281278003797612
overall,all,4006,16,stage2,0.5845245303687487,0.712450655442265
overall,all,4006,16,stage3,0.5792988995373755,0.7560949882327825
overall,all,4006,16,stage4,0.6486184553866736,0.6848136606108708
overall,all,4006,17,stage1,0.6072203922780585,0.6215524644820142
overall,all,4006,17,stage2,0.5779583544744233,0.7048112140913576
overall,all,4006,17,stage3,0.582083257425742,0.7510422190248639
overall,all,4006,17,stage4,0.6516351990487298,0.6789817680389477
overall,all,4006,18,stage1,0.5954965550379936,0.6098382877101317
overall,all,4006,18,stage2,0.5693866247334483,0.6883284377414943
overall,all,4006,18,stage3,0.5982367294955361,0.7557709757619897
overall,all,4006,18,stage4,0.6726152875529964,0.6988381530068484
overall,all,4006,19,stage1,0.586012139246872,0.5878481154241266
overall,all,4006,19,stage2,0.5640616007167818,0.6753733130883289
overall,all,4006,19,stage3,0.6052497036148772,0.7385489272806446
overall,all,4006,19,stage4,0.6665850475735505,0.6644755175232113
overall,all,4006,20,stage1,0.5756523315378623,0.5453454513126949
overall,all,4006,20,stage2,0.5507248397460891,0.6443605821354652
overall,all,4006,20,stage3,0.5854857060993188,0.6930846289447469
overall,all,4006,20,stage4,0.6352432885663365,0.597220473036103
overall,all,4006,21,stage1,0.5765169917778319,0.5415317347525241
overall,all,4006,21,stage2,0.5409426898939634,0.6373858067820326
overall,all,4006,21,stage3,0.5818215565968917,0.7006293607543721
overall,all,4006,21,stage4,0.6575396747304628,0.6254386898247349
overall,all,4006,22,stage1,0.5672660698994243,0.5516139119826313
overall,all,4006,22,stage2,0.5418508033557826,0.6412152849059669
overall,all,4006,22,stage3,0.5935776406639645,0.7106297252866189
overall,all,4006,22,stage4,0.6525630537221506,0.6363665494050494
overall,all,4006,23,stage1,0.5703168626999295,0.5521546964511773
overall,all,4006,23,stage2,0.5418575225445371,0.6390947097995194
overall,all,4006,23,stage3,0.5979988986604879,0.72350761795038
overall,all,4006,23,stage4,0.6591977628763473,0.650349186142861
overall,all,4006,24,stage1,0.5616363903997662,0.5069491229598009
overall,all,4006,24,stage2,0.5361594502338456,0.5208672116428271
overall,all,4006,24,stage3,0.6350647231607632,0.6460697771204869
overall,all,4006,24,stage4,0.7260372286445786,0.6965354673129228
condition,fog,1000,1,stage1,0.7143701592981815,0.6340644659996033
condition,fog,1000,1,stage2,0.5324254436790943,0.5209144835323095
condition,fog,1000,1,stage3,0.37284002496302127,0.46572157013043763
condition,fog,1000,1,stage4,0.5549692942351103,0.5497698959149421
condition,fog,1000,2,stage1,0.7419858493804932,0.6229749839901925
condition,fog,1000,2,stage2,0.5619949002861977,0.5166324172019958
condition,fog,1000,2,stage3,0.3860679644793272,0.473749962836504
condition,fog,1000,2,stage4,0.5635386905968189,0.5675922777652741
condition,fog,1000,3,stage1,0.7461454128623008,0.6613350185155868
condition,fog,1000,3,stage2,0.5702249985039234,0.5612002746015787
condition,fog,1000,3,stage3,0.3916900626420975,0.5128144458159805
condition,fog,1000,3,stage4,0.5673475493341684,0.5981310351192951
condition,fog,1000,4,stage1,0.7598474859595299,0.7182210001945496
condition,fog,1000,4,stage2,0.5826617718040943,0.6215376784801483
condition,fog,1000,4,stage3,0.39952676859498026,0.5506334944665432
condition,fog,1000,4,stage4,0.5716437566280365,0.6188934796005487
condition,fog,1000,5,stage1,0.8066726530790329,0.7958364267945289
condition,fog,1000,5,stage2,0.6315949515998364,0.7130268037617207
condition,fog,1000,5,stage3,0.43053369256854057,0.6226058837771415
condition,fog,1000,5,stage4,0.584852069824934,0.6591877259910107
condition,fog,1000,6,stage1,0.8249577366709709,0.8256760509610176
condition,fog,1000,6,stage2,0.6503540520966054,0.7406385504007339
condition,fog,1000,6,stage3,0.4390465052723885,0.6207132382690906
condition,fog,1000,6,stage4,0.5855379286408424,0.6394378853589296
condition,fog,1000,7,stage1,0.8074361157417297,0.815429185807705
condition,fog,1000,7,stage2,0.6633628858923912,0.7609344261586666
condition,fog,1000,7,stage3,0.45299324318766593,0.647591325968504
condition,fog,1000,7,stage4,0.5667286221683026,0.631774836242199
condition,fog,1000,8,stage1,0.7903942366242409,0.8004501644968987
condition,fog,1000,8,stage2,0.6525424859523773,0.755858627140522
condition,fog,1000,8,stage3,0.4702488913238049,0.6680639254748821
condition,fog,1000,8,stage4,0.6177254618108272,0.6927279324829578
condition,fog,1000,9,stage1,0.7648231379985809,0.7732404988408089
condition,fog,1000,9,stage2,0.6466390600800515,0.7426326071023941
condition,fog,1000,9,stage3,0.4932117615044117,0.6977445553541184
condition,fog,1000,9,stage4,0.6311723792254925,0.7090502200722695
condition,fog,1000,10,stage1,0.7806714438199996,0.8042765944600105
condition,fog,1000,10,stage2,0.6677506070137024,0.7903839144110679
condition,fog,1000,10,stage3,0.5125372746586799,0.7447780589163303
condition,fog,1000,10,stage4,0.6400652385950089,0.7325929600596428
condition,fog,1000,11,stage1,0.7628020322322846,0.7935083470344544
condition,fog,1000,11,stage2,0.6662703531384468,0.7969292691349983
condition,fog,1000,11,stage3,0.5281541196405888,0.7706169636249542
condition,fog,1000,11,stage4,0.6360022639036178,0.730547181904316
condition,fog,1000,12,stage1,0.7656831214427948,0.8070552793741226
condition,fog,1000,12,stage2,0.6773486006259918,0.8349346511363983
condition,fog,1000,12,stage3,0.5439793411791325,0.808206909775734
condition,fog,1000,12,stage4,0.645375192552805,0.7424851480126381
condition,fog,1000,13,stage1,0.735421356499195,0.7830463675260544
condition,fog,1000,13,stage2,0.6546308971047401,0.8171128377318382
condition,fog,1000,13,stage3,0.5537378948330879,0.8206544262766838
condition,fog,1000,13,stage4,0.6556799082159996,0.755687568962574
condition,fog,1000,14,stage1,0.7183614434897899,0.763876493036747
condition,fog,1000,14,stage2,0.6439638864696026,0.809299627006054
condition,fog,1000,14,stage3,0.56771027302742,0.8298805751204491
condition,fog,1000,14,stage4,0.6659670699834823,0.7621718941926956
condition,fog,1000,15,stage1,0.701406263589859,0.7427279061973094
condition,fog,1000,15,stage2,0.6281105640828609,0.8008178691267968
condition,fog,1000,15,stage3,0.5735099709331989,0.8363229682445527
condition,fog,1000,15,stage4,0.6822737590670586,0.77190954631567
condition,fog,1000,16,stage1,0.6858817721903324,0.7246663227081299
condition,fog,1000,16,stage2,0.6157652570009231,0.7862957446575165
condition,fog,1000,16,stage3,0.5662185782194138,0.8213077562451363
condition,fog,1000,16,stage4,0.6627235949635506,0.7476667286753654
condition,fog,1000,17,stage1,0.6858108992576599,0.7196365548968315
condition,fog,1000,17,stage2,0.6105848681032657,0.7805486341714859
condition,fog,1000,17,stage3,0.5689286198914051,0.8166423637270928
condition,fog,1000,17,stage4,0.6639543693065644,0.738310528755188
condition,fog,1000,18,stage1,0.6752640994787216,0.7103261924386024
condition,fog,1000,18,stage2,0.604824394851923,0.7670258238911629
condition,fog,1000,18,stage3,0.5845964464843273,0.8226892008185387
condition,fog,1000,18,stage4,0.6854654682278634,0.7592764834165573
condition,fog,1000,19,stage1,0.667924536973238,0.700962862432003
condition,fog,1000,19,stage2,0.6051296893656254,0.764287728279829
condition,fog,1000,19,stage3,0.6024618036746979,0.8162136403918266
condition,fog,1000,19,stage4,0.6943003908395767,0.742382733553648
condition,fog,1000,20,stage1,0.6643673461973667,0.672090182930231
condition,fog,1000,20,stage2,0.6006983322501183,0.7451131172180175
condition,fog,1000,20,stage3,0.5975976788401604,0.7851333283782005
condition,fog,1000,20,stage4,0.6767263647317886,0.6949504553675652
condition,fog,1000,21,stage1,0.6618394278883935,0.6705084244012832
condition,fog,1000,21,stage2,0.5814618879556656,0.7393634504377842
condition,fog,1000,21,stage3,0.5750538956820965,0.7854924634099006
condition,fog,1000,21,stage4,0.6782485591769218,0.7141031779944896
condition,fog,1000,22,stage1,0.6461883281767369,0.6714906295239925
condition,fog,1000,22,stage2,0.5804160248339176,0.735129667699337
condition,fog,1000,22,stage3,0.5906398092508316,0.7907919461131095
condition,fog,1000,22,stage4,0.6742822200655937,0.7185364400446415
condition,fog,1000,23,stage1,0.6465480824410915,0.6705637157261372
condition,fog,1000,23,stage2,0.5765706107318401,0.7314418310821056
condition,fog,1000,23,stage3,0.5868596398532391,0.7958594903945923
condition,fog,1000,23,stage4,0.6749960498213768,0.7266850197315216
condition,fog,1000,24,stage1,0.652205353051424,0.5733631159961223
condition,fog,1000,24,stage2,0.580011621594429,0.5657528667449951
condition,fog,1000,24,stage3,0.6163821456432342,0.6767477861046791
condition,fog,1000,24,stage4,0.7434689309597016,0.73266694521904
condition,night,1006,1,stage1,0.637984696783081,0.6713791934858496
condition,night,1006,1,stage2,0.44040044786678867,0.5482088218389402
condition,night,1006,1,stage3,0.33256036666764416,0.3124289009090565
condition,night,1006,1,stage4,0.3349853929235909,0.26598299725192265
condition,night,1006,2,stage1,0.6378953154707998,0.6647019297714025
condition,night,1006,2,stage2,0.4612410018742677,0.5429498882701336
condition,night,1006,2,stage3,0.3351139240855607,0.3122617283587901
condition,night,1006,2,stage4,0.32844242802034196,0.26802445286107257
condition,night,1006,3,stage1,0.6896244043088101,0.7181523949144849
condition,night,1006,3,stage2,0.5016543773663921,0.6013720617972121
condition,night,1006,3,stage3,0.3592596675156362,0.35716409553175654
condition,night,1006,3,stage4,0.354443103926734,0.30681911211208096
condition,night,1006,4,stage1,0.7050998917453095,0.7455895045405591
condition,night,1006,4,stage2,0.5229142234469977,0.6443294137123802
condition,night,1006,4,stage3,0.37092554745510603,0.38067468565335094
condition,night,1006,4,stage4,0.36472884772223224,0.3173357691138124
condition,night,1006,5,stage1,0.7209630335420074,0.7682577073870311
condition,night,1006,5,stage2,0.5810630430224876,0.7033652251449304
condition,night,1006,5,stage3,0.4031147003973692,0.4323497231953424
condition,night,1006,5,stage4,0.3869948590444642,0.3492050710574874
condition,night,1006,6,stage1,0.7193222621207683,0.7691022533308678
condition,night,1006,6,stage2,0.5913006542750429,0.7151719731673095
condition,night,1006,6,stage3,0.406569252475711,0.43430216903714963
condition,night,1006,6,stage4,0.38909578712186804,0.3477369554592648
condition,night,1006,7,stage1,0.5804113336277766,0.6729906752972196
condition,night,1006,7,stage2,0.5424234885463184,0.6747578410339166
condition,night,1006,7,stage3,0.37972120700726214,0.4495417817123605
condition,night,1006,7,stage4,0.35543977444024966,0.3617936195490908
condition,night,1006,8,stage1,0.6047594764123617,0.6437570996301074
condition,night,1006,8,stage2,0.5518094848093408,0.6485513746145942
condition,night,1006,8,stage3,0.5334503088687097,0.5627941340800545
condition,night,1006,8,stage4,0.5588306198655729,0.560549074002573
condition,night,1006,9,stage1,0.5738511264738932,0.5957890578340109
condition,night,1006,9,stage2,0.5442923009691845,0.6181625378416262
condition,night,1006,9,stage3,0.5797545690363491,0.6144036240357291
condition,night,1006,9,stage4,0.6054948934207617,0.6255761390296413
condition,night,1006,10,stage1,0.5910830290962166,0.6290027344854878
condition,night,1006,10,stage2,0.576872966931781,0.6756556297746852
condition,night,1006,10,stage3,0.5987506621104348,0.6571653698002605
condition,night,1006,10,stage4,0.6146176622710219,0.635880115314222
condition,night,1006,11,stage1,0.5645689094813159,0.6057429479261042
condition,night,1006,11,stage2,0.5738227855910364,0.6725747524270006
condition,night,1006,11,stage3,0.6068273476115752,0.6739303737464055
condition,night,1006,11,stage4,0.6095042898214124,0.6323775977903522
condition,night,1006,12,stage1,0.5700700297270334,0.6313069499806903
condition,night,1006,12,stage2,0.582733452794092,0.7259227448026419
condition,night,1006,12,stage3,0.62101783222754,0.7144548008977537
condition,night,1006,12,stage4,0.6221077115113882,0.6366789358155154
condition,night,1006,13,stage1,0.5534274074476708,0.6065566782389673
condition,night,1006,13,stage2,0.5578898288916878,0.6974702332294722
condition,night,1006,13,stage3,0.6317450858608155,0.7331051024243561
condition,night,1006,13,stage4,0.6382701592464334,0.6642404376690241
condition,night,1006,14,stage1,0.5327416138786445,0.5855779027192304
condition,night,1006,14,stage2,0.5444053969907002,0.6873201339785194
condition,night,1006,14,stage3,0.6349836782835587,0.7360632558821684
condition,night,1006,14,stage4,0.6420577281038046,0.6578264393164197
condition,night,1006,15,stage1,0.5070554515713489,0.555825707008303
condition,night,1006,15,stage2,0.5137695370919662,0.6609999996056377
condition,night,1006,15,stage3,0.628484139918807,0.7303630543158021
condition,night,1006,15,stage4,0.6413124091108561,0.653964345782225
condition,night,1006,16,stage1,0.4853991191560184,0.5368847041788917
condition,night,1006,16,stage2,0.49474549163169934,0.646818614740732
condition,night,1006,16,stage3,0.6099725198556131,0.7116132274892174
condition,night,1006,16,stage4,0.6192791088082444,0.624328450405337
condition,night,1006,17,stage1,0.4753109654837527,0.5280714477625329
condition,night,1006,17,stage2,0.4822920435821086,0.6348189060718828
condition,night,1006,17,stage3,0.6108658319676136,0.7055588585600464
condition,night,1006,17,stage4,0.6202635488974645,0.6173444311495566
condition,night,1006,18,stage1,0.47802029301229104,0.510988434995145
condition,night,1006,18,stage2,0.4751877161131701,0.6088951565695567
condition,night,1006,18,stage3,0.6248846987251259,0.7071152965780755
condition,night,1006,18,stage4,0.6391149061337617,0.6340134029182241
condition,night,1006,19,stage1,0.46865920503262737,0.4976217801243837
condition,night,1006,19,stage2,0.468892892448613,0.603388612567786
condition,night,1006,19,stage3,0.622466750813289,0.6848341779372327
condition,night,1006,19,stage4,0.6310776803886914,0.5931358534998259
condition,night,1006,20,stage1,0.4439507621834814,0.4800627764247758
condition,night,1006,20,stage2,0.45483320050874715,0.5988336947874331
condition,night,1006,20,stage3,0.591358647254068,0.6370551470319035
condition,night,1006,20,stage4,0.5942177438653014,0.5208811176788973
condition,night,1006,21,stage1,0.4550821178298347,0.48222939711560314
condition,night,1006,21,stage2,0.44804995464046243,0.5894127298539011
condition,night,1006,21,stage3,0.6016618999287812,0.6507625831642871
condition,night,1006,21,stage4,0.619453188557748,0.5591342630194386
condition,night,1006,22,stage1,0.4460828247707833,0.4852970407212942
condition,night,1006,22,stage2,0.44964499756782716,0.5847219242075565
condition,night,1006,22,stage3,0.605741286491068,0.6528761869159417
condition,night,1006,22,stage4,0.6129575621477416,0.5641135219965967
condition,night,1006,23,stage1,0.4550788553642705,0.5027683378450913
condition,night,1006,23,stage2,0.45436859489316733,0.5924203643504953
condition,night,1006,23,stage3,0.6148797220904121,0.6715033020579791
condition,night,1006,23,stage4,0.6223644140226466,0.5840439706389046
condition,night,1006,24,stage1,0.46237529295813257,0.4270041624961743
condition,night,1006,24,stage2,0.4386094378429663,0.4323211467526779
condition,night,1006,24,stage3,0.6514923045222849,0.6128611768157061
condition,night,1006,24,stage4,0.6911057368898487,0.6519201014553814
condition,rain,1000,1,stage1,0.6636102154552936,0.6373917456269265
condition,rain,1000,1,stage2,0.5346024214923382,0.5182126000821591
condition,rain,1000,1,stage3,0.3788160159662366,0.34353781598899513
condition,rain,1000,1,stage4,0.5211741052791476,0.40128023468353785
condition,rain,1000,2,stage1,0.6939197049438953,0.6283873395323754
condition,rain,1000,2,stage2,0.5657525898814202,0.5101421663612127
condition,rain,1000,2,stage3,0.3843565589115024,0.33921031549945474
condition,rain,1000,2,stage4,0.5174980414137245,0.4041557751726359
condition,rain,1000,3,stage1,0.7013517935872078,0.6651189557611942
condition,rain,1000,3,stage2,0.5784476370513439,0.55225387814641
condition,rain,1000,3,stage3,0.39177801559865477,0.37475807283073664
condition,rain,1000,3,stage4,0.5242603683620691,0.4334276801459491
condition,rain,1000,4,stage1,0.7114669851958751,0.7074824291169644
condition,rain,1000,4,stage2,0.588199374049902,0.6010830439627171
condition,rain,1000,4,stage3,0.39672817255556586,0.4073748067840934
condition,rain,1000,4,stage4,0.5289016695916653,0.453551968944259
condition,rain,1000,5,stage1,0.7532052358984948,0.7530709074735642
condition,rain,1000,5,stage2,0.6285222968757153,0.6541683451533318
condition,rain,1000,5,stage3,0.4143434669226408,0.4509938736855984
condition,rain,1000,5,stage4,0.5394529612511396,0.4872210102789104
condition,rain,1000,6,stage1,0.7732922886013984,0.7788818964362144
condition,rain,1000,6,stage2,0.6444757051765919,0.6795846463143825
condition,rain,1000,6,stage3,0.4184460924416781,0.4473004579991102
condition,rain,1000,6,stage4,0.5405580929666758,0.47081247916445135
condition,rain,1000,7,stage1,0.7785840054154396,0.7803761121630669
condition,rain,1000,7,stage2,0.6659223008751869,0.7025884202122689
condition,rain,1000,7,stage3,0.4313388845473528,0.47751111643016336
condition,rain,1000,7,stage4,0.5402838760763407,0.48958163906633856
condition,rain,1000,8,stage1,0.7520258107185364,0.7607477859854698
condition,rain,1000,8,stage2,0.6658245659768581,0.7103182462453842
condition,rain,1000,8,stage3,0.4778443873524666,0.5347492875158787
condition,rain,1000,8,stage4,0.6243331964015961,0.5917918408215046
condition,rain,1000,9,stage1,0.7187464089393616,0.7170344497263431
condition,rain,1000,9,stage2,0.6575175958573818,0.6813998710513115
condition,rain,1000,9,stage3,0.5055296794772148,0.560760189473629
condition,rain,1000,9,stage4,0.6547308051288128,0.6273527193367481
condition,rain,1000,10,stage1,0.740807519376278,0.7502689190506935
condition,rain,1000,10,stage2,0.6830061365365983,0.7348727307915688
condition,rain,1000,10,stage3,0.5226569980680943,0.6146287395060063
condition,rain,1000,10,stage4,0.6576959719657898,0.6527256553173065
condition,rain,1000,11,stage1,0.7256843922138214,0.7325908518731594
condition,rain,1000,11,stage2,0.6798864912390709,0.7338084918260575
condition,rain,1000,11,stage3,0.535203656733036,0.6438324500322342
condition,rain,1000,11,stage4,0.6502672930657863,0.65742310115695
condition,rain,1000,12,stage1,0.7270498887598514,0.740487411826849
condition,rain,1000,12,stage2,0.6902284859418869,0.7762458738684654
condition,rain,1000,12,stage3,0.5511004039645195,0.7020194427967071
condition,rain,1000,12,stage4,0.654028221487999,0.6788558560609818
condition,rain,1000,13,stage1,0.6961975466310978,0.7176879342496395
condition,rain,1000,13,stage2,0.6661873062252999,0.7600347611308098
condition,rain,1000,13,stage3,0.5664131913781166,0.7228295182585717
condition,rain,1000,13,stage4,0.6658415443897248,0.6959573986530304
condition,rain,1000,14,stage1,0.677260847479105,0.6856032272279262
condition,rain,1000,14,stage2,0.6504282358288765,0.7449259831309318
condition,rain,1000,14,stage3,0.577908275514841,0.7458463391661644
condition,rain,1000,14,stage4,0.6688950971961022,0.7049936410486698
condition,rain,1000,15,stage1,0.6640268632769585,0.660900871783495
condition,rain,1000,15,stage2,0.6332267767190933,0.73193219268322
condition,rain,1000,15,stage3,0.5800513413846493,0.7548140192627907
condition,rain,1000,15,stage4,0.6687734887599945,0.7017992091178894
condition,rain,1000,16,stage1,0.6421099834740162,0.6327071798443794
condition,rain,1000,16,stage2,0.6099294383227826,0.709382017493248
condition,rain,1000,16,stage3,0.5651844256818295,0.7439889623522759
condition,rain,1000,16,stage4,0.6464597190022469,0.6775911024212837
condition,rain,1000,17,stage1,0.6392886004447937,0.62347119602561
condition,rain,1000,17,stage2,0.6035651953220368,0.7019051046669483
condition,rain,1000,17,stage3,0.5673238195478916,0.7379986206293107
condition,rain,1000,17,stage4,0.6509547098577022,0.6748652294576168
condition,rain,1000,18,stage1,0.6206397170722484,0.6119078717231751
condition,rain,1000,18,stage2,0.593364041864872,0.6879678072333336
condition,rain,1000,18,stage3,0.583685509711504,0.7427846632003784
condition,rain,1000,18,stage4,0.6696325130164623,0.6910370257794857
condition,rain,1000,19,stage1,0.6053605143725872,0.5736708689928055
condition,rain,1000,19,stage2,0.5833292282521725,0.661421664506197
condition,rain,1000,19,stage3,0.5847284667491913,0.7210679478943348
condition,rain,1000,19,stage4,0.6526716337800026,0.6485783209800721
condition,rain,1000,20,stage1,0.5974929836094379,0.5071125269681215
condition,rain,1000,20,stage2,0.5654166151583194,0.6074595679342747
condition,rain,1000,20,stage3,0.5637232956290245,0.6696958633065224
condition,rain,1000,20,stage4,0.6186756242513657,0.5746315808892251
condition,rain,1000,21,stage1,0.5950234691500664,0.4997328341156244
condition,rain,1000,21,stage2,0.5578335222303867,0.601237403601408
condition,rain,1000,21,stage3,0.5665464982092381,0.6817013467252254
condition,rain,1000,21,stage4,0.6566519959568977,0.611451072961092
condition,rain,1000,22,stage1,0.5890645989775658,0.517999632641673
condition,rain,1000,22,stage2,0.561500164359808,0.61276926907897
condition,rain,1000,22,stage3,0.577808874040842,0.6946544250547886
condition,rain,1000,22,stage4,0.6498377533555031,0.6263025564551353
condition,rain,1000,23,stage1,0.5927723943889142,0.5123878623694181
condition,rain,1000,23,stage2,0.5630074143111706,0.6071879982054234
condition,rain,1000,23,stage3,0.5865353717207908,0.7089068588912487
condition,rain,1000,23,stage4,0.6624972847402095,0.6438215951323509
condition,rain,1000,24,stage1,0.5746972352266312,0.5205291532874108
condition,rain,1000,24,stage2,0.5595936813056469,0.5368055348992348
condition,rain,1000,24,stage3,0.6264370169639587,0.6351465060710907
condition,rain,1000,24,stage4,0.7255932166278363,0.681945104598999
condition,snow,1000,1,stage1,0.6405550585091114,0.6271502040028573
condition,snow,1000,1,stage2,0.5536462860405446,0.5409026652872563
condition,snow,1000,1,stage3,0.3875218046754599,0.3913511207820848
condition,snow,1000,1,stage4,0.5596322540938854,0.47842324713710693
condition,snow,1000,2,stage1,0.6910534004569053,0.6227139151394367
condition,snow,1000,2,stage2,0.6032081387937069,0.5379655584692955
condition,snow,1000,2,stage3,0.40368627798557283,0.39235683307796715
condition,snow,1000,2,stage4,0.5616237748116255,0.4934808964431286
condition,snow,1000,3,stage1,0.6979885755479336,0.6659963827133178
condition,snow,1000,3,stage2,0.614430118739605,0.5845102880597115
condition,snow,1000,3,stage3,0.4114014378488064,0.4311914793923497
condition,snow,1000,3,stage4,0.5694953875541687,0.524161283031106
condition,snow,1000,4,stage1,0.7185814773142338,0.7231335116922856
condition,snow,1000,4,stage2,0.6324307700693608,0.6494912376701831
condition,snow,1000,4,stage3,0.4215516707599163,0.47665603618323804
condition,snow,1000,4,stage4,0.5774406078755856,0.5500963198542594
condition,snow,1000,5,stage1,0.7747277433872223,0.7858296486735344
condition,snow,1000,5,stage2,0.6819072349071502,0.7171357231140136
condition,snow,1000,5,stage3,0.44652619311213493,0.5329711993932724
condition,snow,1000,5,stage4,0.5890776560902595,0.5865838638544083
condition,snow,1000,6,stage1,0.8028766615986824,0.8226682147979736
condition,snow,1000,6,stage2,0.703297046482563,0.7498436380624771
condition,snow,1000,6,stage3,0.45294366347789766,0.531796708419919
condition,snow,1000,6,stage4,0.5879664296656847,0.5624162998944521
condition,snow,1000,7,stage1,0.7873831276297569,0.8003169037103653
condition,snow,1000,7,stage2,0.7063612107038498,0.7487097531557083
condition,snow,1000,7,stage3,0.46088465508818627,0.5514815259277821
condition,snow,1000,7,stage4,0.5747850477248431,0.5613478036075831
condition,snow,1000,8,stage1,0.7370805848836899,0.7558773130178451
condition,snow,1000,8,stage2,0.6921437067389489,0.7340599431991577
condition,snow,1000,8,stage3,0.4967185229957104,0.5843940299153328
condition,snow,1000,8,stage4,0.6547635282278061,0.6538391782641411
condition,snow,1000,9,stage1,0.6942348613739013,0.7119525161981582
condition,snow,1000,9,stage2,0.6736026994585991,0.6987629708647728
condition,snow,1000,9,stage3,0.5165849321782588,0.600515422642231
condition,snow,1000,9,stage4,0.6727708294093608,0.6723116182684898
condition,snow,1000,10,stage1,0.7245809623599052,0.7508653020262718
condition,snow,1000,10,stage2,0.7016448882222176,0.7572563608884811
condition,snow,1000,10,stage3,0.5350099121034145,0.6549890739619731
condition,snow,1000,10,stage4,0.6760189308822155,0.694683273613453
condition,snow,1000,11,stage1,0.7109549565911293,0.7364461087584495
condition,snow,1000,11,stage2,0.6943642411828042,0.7537679305672645
condition,snow,1000,11,stage3,0.5441105361580849,0.6792189987599849
condition,snow,1000,11,stage4,0.6665075454413891,0.6931376145482063
condition,snow,1000,12,stage1,0.7149240157008171,0.7409147779941558
condition,snow,1000,12,stage2,0.7031801320910454,0.7892077531218529
condition,snow,1000,12,stage3,0.5557286558151245,0.722846079736948
condition,snow,1000,12,stage4,0.6671668504178524,0.6994718899726867
condition,snow,1000,13,stage1,0.6853770038485527,0.7145644918978215
condition,snow,1000,13,stage2,0.6790610654950142,0.7686463667154312
condition,snow,1000,13,stage3,0.570886895954609,0.7424275829792023
condition,snow,1000,13,stage4,0.6787542492747307,0.7160219476819039
condition,snow,1000,14,stage1,0.6651992536783219,0.679864258736372
condition,snow,1000,14,stage2,0.66162239164114,0.7486368851661682
condition,snow,1000,14,stage3,0.5832534309029579,0.7543771711289883
condition,snow,1000,14,stage4,0.6818505442738533,0.7198391990661621
condition,snow,1000,15,stage1,0.6475491416156292,0.6460377930402755
condition,snow,1000,15,stage2,0.6411099019050598,0.7291684527993202
condition,snow,1000,15,stage3,0.5870654799938202,0.7612640608847141
condition,snow,1000,15,stage4,0.6872176206707954,0.7185077623128892
condition,snow,1000,16,stage1,0.6258892908096313,0.6188004533648491
condition,snow,1000,16,stage2,0.6181966087520122,0.7077000371217728
condition,snow,1000,16,stage3,0.5756360326707363,0.7477368974089622
condition,snow,1000,16,stage4,0.6661874348521233,0.6900312722027302
condition,snow,1000,17,stage1,0.6292625604867935,0.615591545343399
condition,snow,1000,17,stage2,0.6159653087556363,0.7023921653032302
condition,snow,1000,17,stage3,0.5810420628488063,0.7442419333457947
condition,snow,1000,17,stage4,0.6715563980340957,0.6857767068147659
condition,snow,1000,18,stage1,0.6087669681608677,0.6067237507998944
condition,snow,1000,18,stage2,0.6047355395555496,0.6899015629589558
condition,snow,1000,18,stage3,0.5996203752458096,0.7507866765260697
condition,snow,1000,18,stage4,0.6964492651224137,0.7114146484136581
condition,snow,1000,19,stage1,0.6028084182143212,0.5796783081591129
condition,snow,1000,19,stage2,0.5994656050503254,0.6728271552026271
condition,snow,1000,19,stage3,0.6112384909391403,0.7324022313952446
condition,snow,1000,19,stage4,0.6885035294890404,0.6742332000434399
condition,snow,1000,20,stage1,0.5975884435772896,0.5225080149769783
condition,snow,1000,20,stage2,0.5825265609025955,0.6263091099262238
condition,snow,1000,20,stage3,0.5892279650270938,0.6807903539538384
condition,snow,1000,20,stage4,0.6515995746850968,0.598876774340868
condition,snow,1000,21,stage1,0.594851561486721,0.5140120974034071
condition,snow,1000,21,stage2,0.5769827511608601,0.6198174816966057
condition,snow,1000,21,stage3,0.5839048905074596,0.6848602503836155
condition,snow,1000,21,stage4,0.6760334741473198,0.6174640718847513
condition,snow,1000,22,stage1,0.5884556271433831,0.5320662462711334
condition,snow,1000,22,stage2,0.5763952614963055,0.6325792388021946
condition,snow,1000,22,stage3,0.6000476109981537,0.7045428642928601
condition,snow,1000,22,stage4,0.6734123122692108,0.6369471972882748
condition,snow,1000,23,stage1,0.587559546649456,0.5231951880156994
condition,snow,1000,23,stage2,0.5740084038078785,0.6256086916327477
condition,snow,1000,23,stage3,0.6036195760369301,0.718072846353054
condition,snow,1000,23,stage4,0.6771543030142784,0.6472439903616906
condition,snow,1000,24,stage1,0.557863246947527,0.507379729822278
condition,snow,1000,24,stage2,0.5670083602666854,0.5491205745637416
condition,snow,1000,24,stage3,0.6458488600254059,0.6597228910923004
condition,snow,1000,24,stage4,0.7441906190514564,0.7198774101734161
split,train,1600,1,stage1,0.6725617420487106,0.6436530634015799
split,train,1600,1,stage2,0.51486073538661,0.5317614733520896
split,train,1600,1,stage3,0.3745016488619149,0.38765013176889623
split,train,1600,1,stage4,0.5070920394849964,0.4362548299191985
split,train,1600,2,stage1,0.6982476500421763,0.6336590301059186
split,train,1600,2,stage2,0.5470899115130305,0.5251619693171233
split,train,1600,2,stage3,0.38300947286654263,0.3872100954153575
split,train,1600,2,stage4,0.5058642383641563,0.4441322191193467
split,train,1600,3,stage1,0.7149031940661371,0.6764272774942219
split,train,1600,3,stage2,0.5640103389136493,0.5728733027819544
split,train,1600,3,stage3,0.3936135419365019,0.42662665036972613
split,train,1600,3,stage4,0.5165512865921482,0.4758837213664083
split,train,1600,4,stage1,0.7290097710490226,0.7232516355253756
split,train,1600,4,stage2,0.5785836093500256,0.6277617154084146
split,train,1600,4,stage3,0.4017455929517746,0.46217114633880557
split,train,1600,4,stage4,0.5229474634304643,0.495477048328612
split,train,1600,5,stage1,0.7669032539054751,0.7752387699112296
split,train,1600,5,stage2,0.6265187066607177,0.6958891753852368
split,train,1600,5,stage3,0.42674719003029166,0.5179566419869661
split,train,1600,5,stage4,0.5359052115306259,0.5302229964989238
split,train,1600,6,stage1,0.7819256778433918,0.799290769584477
split,train,1600,6,stage2,0.6423792399093509,0.7206109145097435
split,train,1600,6,stage3,0.4317711061239243,0.516804309533909
split,train,1600,6,stage4,0.5361785412533209,0.5140357948094606
split,train,1600,7,stage1,0.7377948551625013,0.7667461229860782
split,train,1600,7,stage2,0.6397084952704608,0.7211473415605724
split,train,1600,7,stage3,0.432039458360523,0.53886503925547
split,train,1600,7,stage4,0.5169326522108167,0.5185791477235034
split,train,1600,8,stage1,0.7211743692867458,0.73706379275769
split,train,1600,8,stage2,0.6346362594515085,0.7084420574456454
split,train,1600,8,stage3,0.4973172901570797,0.5920982227660716
split,train,1600,8,stage4,0.6224593601934612,0.6310903085768222
split,train,1600,9,stage1,0.6885582740791142,0.6969153971783817
split,train,1600,9,stage2,0.6259784357436001,0.6827721769921482
split,train,1600,9,stage3,0.5271263947896659,0.6225025924853981
split,train,1600,9,stage4,0.6491900589130819,0.6638978723064065
split,train,1600,10,stage1,0.709004785232246,0.7327832567505539
split,train,1600,10,stage2,0.6523223626799881,0.7382644115760922
split,train,1600,10,stage3,0.5453365557268262,0.6722814611531794
split,train,1600,10,stage4,0.655674513541162,0.6840753882750868
split,train,1600,11,stage1,0.6903912692703307,0.7170904497243464
split,train,1600,11,stage2,0.6492616779915988,0.7393734779953957
split,train,1600,11,stage3,0.5567530498467386,0.6962827336415649
split,train,1600,11,stage4,0.6489842728152871,0.6824347334727645
split,train,1600,12,stage1,0.6940670901536942,0.733137691244483
split,train,1600,12,stage2,0.659139986205846,0.7836738038808108
split,train,1600,12,stage3,0.5711089112237095,0.7418331020697951
split,train,1600,12,stage4,0.6559769019857049,0.6938879827223718
split,train,1600,13,stage1,0.6679734291508794,0.7095515776798129
split,train,1600,13,stage2,0.635487940646708,0.7636176437884569
split,train,1600,13,stage3,0.5834618282318115,0.7592679581046105
split,train,1600,13,stage4,0.6677558886259795,0.7118539953790605
split,train,1600,14,stage1,0.6489006915129721,0.6838768013194203
split,train,1600,14,stage2,0.6214880250021815,0.7513333078846336
split,train,1600,14,stage3,0.5935755139030516,0.7710249533131719
split,train,1600,14,stage4,0.67242586735636,0.7151412749104202
split,train,1600,15,stage1,0.6303185935504735,0.6581070594862104
split,train,1600,15,stage2,0.600406211167574,0.7356191467866302
split,train,1600,15,stage3,0.5945573668554425,0.7749260149523616
split,train,1600,15,stage4,0.6776160160079598,0.7151854918710887
split,train,1600,16,stage1,0.6107806931622326,0.636566912420094
split,train,1600,16,stage2,0.5812590948119759,0.7188868680968881
split,train,1600,16,stage3,0.5804391323216259,0.7604200134426355
split,train,1600,16,stage4,0.6557787710428238,0.6883021069318056
split,train,1600,17,stage1,0.6085444353334606,0.6304152625612914
split,train,1600,17,stage2,0.5751145295985043,0.711817498523742
split,train,1600,17,stage3,0.5830939092673362,0.7553058769181371
split,train,1600,17,stage4,0.6582286599464715,0.682180306352675
split,train,1600,18,stage1,0.5970740249566734,0.6178865985944867
split,train,1600,18,stage2,0.5666782212629914,0.6947247103042901
split,train,1600,18,stage3,0.5991507390141487,0.7601994563639164
split,train,1600,18,stage4,0.6793606066145003,0.7031911811232567
split,train,1600,19,stage1,0.587112917304039,0.5963348528556526
split,train,1600,19,stage2,0.5614745594933629,0.6825335906632245
split,train,1600,19,stage3,0.605922750774771,0.742601712718606
split,train,1600,19,stage4,0.6726837441697717,0.6684313046745955
split,train,1600,20,stage1,0.5768062715046107,0.5550929287727923
split,train,1600,20,stage2,0.5489342017285526,0.6530870239622891
split,train,1600,20,stage3,0.5867656091600657,0.6970222811214626
split,train,1600,20,stage4,0.6423923607170582,0.601877446565777
split,train,1600,21,stage1,0.5779784045554698,0.5533186166640371
split,train,1600,21,stage2,0.5379048081301153,0.6471530637331306
split,train,1600,21,stage3,0.5825354119390249,0.7060518330894411
split,train,1600,21,stage4,0.6643387961015105,0.6318090308457613
split,train,1600,22,stage1,0.5680695772729814,0.5610785391926766
split,train,1600,22,stage2,0.5393520707637072,0.6492877796292305
split,train,1600,22,stage3,0.594075522236526,0.7144461184553802
split,train,1600,22,stage4,0.6579957912862301,0.6413876487500966
split,train,1600,23,stage1,0.5720282927714289,0.5626946608535945
split,train,1600,23,stage2,0.5397456333786249,0.6476018221303821
split,train,1600,23,stage3,0.5983233493380249,0.7278481594100594
split,train,1600,23,stage4,0.664955488499254,0.6557292974181473
split,train,1600,24,stage1,0.5648546807281672,0.5050291791930794
split,train,1600,24,stage2,0.5332501422055066,0.5183262018486857
split,train,1600,24,stage3,0.6341028227284551,0.646380283460021
split,train,1600,24,stage4,0.7318933657743036,0.7045473592355848
split,val,406,1,stage1,0.69759098568867,0.6744024236801223
split,val,406,1,stage2,0.5465002076819613,0.5602559076594602
split,val,406,1,stage3,0.3748290889662475,0.3856926321285992
split,val,406,1,stage4,0.5146838654878692,0.42970196302209435
split,val,406,2,stage1,0.7227063137909462,0.6668199117254154
split,val,406,2,stage2,0.5785913067351421,0.5539375143538555
split,val,406,2,stage3,0.38415331933005104,0.38577219436468163
split,val,406,2,stage4,0.5113802310171092,0.43656182684132766
split,val,406,3,stage1,0.740471353084583,0.7083544559373057
split,val,406,3,stage2,0.5971240600928884,0.600703150254165
split,val,406,3,stage3,0.39458444531034365,0.42437294430186595
split,val,406,3,stage4,0.522181006139282,0.46780783914745294
split,val,406,4,stage1,0.7550148969800602,0.7520810375953543
split,val,406,4,stage2,0.6122549521952427,0.6545419202649535
split,val,406,4,stage3,0.4026046645611965,0.4587339364322536
split,val,406,4,stage4,0.5282040655319327,0.48594436186636464
split,val,406,5,stage1,0.7910609785559142,0.7982666768463962
split,val,406,5,stage2,0.6590679508124666,0.7185501501771617
split,val,406,5,stage3,0.4255685725162182,0.5118856220483192
split,val,406,5,stage4,0.5379980623978993,0.5181449893127962
split,val,406,6,stage1,0.806084297267087,0.8245751527436261
split,val,406,6,stage2,0.6747799530405129,0.745564899861519
split,val,406,6,stage3,0.43056106427913815,0.5099568842667077
split,val,406,6,stage4,0.5378100046970574,0.5008545125940164
split,val,406,7,stage1,0.7560485290923142,0.7874324986793725
split,val,406,7,stage2,0.6665286533351015,0.7414571095276349
split,val,406,7,stage3,0.42813558153477793,0.5310523867093283
split,val,406,7,stage4,0.5162834275899262,0.5053923928128381
split,val,406,8,stage1,0.7327105332477927,0.7532730867416401
split,val,406,8,stage2,0.6589203524618901,0.7225553080659782
split,val,406,8,stage3,0.4885832841319991,0.5862972540368
split,val,406,8,stage4,0.6199717640583151,0.6234611459259917
split,val,406,9,stage1,0.6916833874480478,0.7062721891796647
split,val,406,9,stage2,0.6434592469572433,0.6900596443215027
split,val,406,9,stage3,0.5145837889222676,0.6146693308952407
split,val,406,9,stage4,0.64419563004536,0.6554365635211832
split,val,406,10,stage1,0.714016406113291,0.7397292595485161
split,val,406,10,stage2,0.6707340514865415,0.7448468910062255
split,val,406,10,stage3,0.53400167499857,0.6668386529819131
split,val,406,10,stage4,0.6502460247190128,0.6766565709278501
split,val,406,11,stage1,0.6904066704176917,0.7187000509406546
split,val,406,11,stage2,0.6632556397045775,0.7418901761764376
split,val,406,11,stage3,0.5441032256839311,0.6911073136212204
split,val,406,11,stage4,0.6407702725215498,0.6743510967404972
split,val,406,12,stage1,0.6935238871227931,0.7280402566705432
split,val,406,12,stage2,0.6729424359469578,0.7824284193551012
split,val,406,12,stage3,0.5591836580501989,0.7382307821893926
split,val,406,12,stage4,0.6471198563798896,0.6861820361884357
split,val,406,13,stage1,0.6652841697185498,0.7025272361750673
split,val,406,13,stage2,0.6476242858641253,0.760877405628195
split,val,406,13,stage3,0.5717828798617048,0.756331090709846
split,val,406,13,stage4,0.6585024831623867,0.7039323584199539
split,val,406,14,stage1,0.6459505054457434,0.6728708357206119
split,val,406,14,stage2,0.6325121038212564,0.7457008335390701
split,val,406,14,stage3,0.5824309689511219,0.7681494319967448
split,val,406,14,stage4,0.6627970553677658,0.7070571935822811
split,val,406,15,stage1,0.6273509346205612,0.6424421964607803
split,val,406,15,stage2,0.6111063458796205,0.7265289552106059
split,val,406,15,stage3,0.5832773485207206,0.7726544083045621
split,val,406,15,stage4,0.6672615341365044,0.7080736860559491
split,val,406,16,stage1,0.6059114055827334,0.6169159849876253
split,val,406,16,stage2,0.5907618940757413,0.7066287257401227
split,val,406,16,stage3,0.5692516467694578,0.7559447640855911
split,val,406,16,stage4,0.6442239192025415,0.6783446108032329
split,val,406,17,stage1,0.6055502783635567,0.6131406475610921
split,val,406,17,stage2,0.5854070133763581,0.701024608805849
split,val,406,17,stage3,0.5726539211466982,0.7513683840559033
split,val,406,17,stage4,0.6476615015509093,0.6726110906436525
split,val,406,18,stage1,0.594226550586118,0.6024100183706566
split,val,406,18,stage2,0.5768420095073765,0.6842088546658972
split,val,406,18,stage3,0.5895926266027789,0.7563339910777331
split,val,406,18,stage4,0.669308739636332,0.6935604734373797
split,val,406,19,stage1,0.584920151773932,0.578413743984523
split,val,406,19,stage2,0.5708696859076693,0.6703016082641526
split,val,406,19,stage3,0.5972090411949628,0.7369381199622976
split,val,406,19,stage4,0.6614152372177011,0.6557055967194694
split,val,406,20,stage1,0.575592569162693,0.5311957674807516
split,val,406,20,stage2,0.5588537156581879,0.6358567193664354
split,val,406,20,stage3,0.577119271963688,0.6895656424202943
split,val,406,20,stage4,0.6294604556020258,0.5878468498661014
split,val,406,21,stage1,0.5793784933137189,0.5302506169588695
split,val,406,21,stage2,0.5510800231266492,0.6303134034273072
split,val,406,21,stage3,0.5728774695414041,0.698761025085825
split,val,406,21,stage4,0.6544248778831783,0.6208097128004864
split,val,406,22,stage1,0.5711939425891256,0.5406841601937863
split,val,406,22,stage2,0.5524117239737159,0.634189980884491
split,val,406,22,stage3,0.5861484279186268,0.7066880886631058
split,val,406,22,stage4,0.6456907787933726,0.6274862284290379
split,val,406,23,stage1,0.5754343644885594,0.5428463059105897
split,val,406,23,stage2,0.55339064900511,0.6331343319762517
split,val,406,23,stage3,0.5904193601291168,0.7199743415040923
split,val,406,23,stage4,0.6526973056675766,0.6429594406500239
split,val,406,24,stage1,0.5694181875789107,0.5080739214208913
split,val,406,24,stage2,0.5486285302586156,0.520014395928148
split,val,406,24,stage3,0.6305476775016691,0.6345225427244684
split,val,406,24,stage4,0.7235377213637817,0.6847835230856694
split,test,2000,1,stage1,0.6505136553794145,0.6351807994097471
split,test,2000,1,stage2,0.509030370414257,0.5266227838993073
split,test,2000,1,stage3,0.36117516308650377,0.3690412808707915
split,test,2000,1,stage4,0.47623102316260335,0.41229277405666653
split,test,2000,2,stage1,0.6790333193391561,0.6290915238410234
split,test,2000,2,stage2,0.5423560739457607,0.522894973948598
split,test,2000,2,stage3,0.37122700238600376,0.371646373283118
split,test,2000,2,stage4,0.4780352171175182,0.4235029483353719
split,test,2000,3,stage1,0.6973857264369726,0.6725180565863847
split,test,2000,3,stage2,0.5614590736329556,0.5712309857606888
split,test,2000,3,stage3,0.38315089485794307,0.41158651108294725
split,test,2000,3,stage4,0.4895927603803575,0.45651804410049224
split,test,2000,4,stage1,0.7131373788565397,0.7181762322336436
split,test,2000,4,stage2,0.5775171695798635,0.6250722930133342
split,test,2000,4,stage3,0.39235363505780696,0.4459516294337809
split,test,2000,4,stage4,0.4968682314045727,0.4758624319420196
split,test,2000,5,stage1,0.7558392402827739,0.7715629669576883
split,test,2000,5,stage2,0.6282811929881573,0.6933811234682798
split,test,2000,5,stage3,0.4206801983565092,0.5024792943298817
split,test,2000,5,stage4,0.5134119817912579,0.5127846207744442
split,test,2000,6,stage1,0.7732067866623402,0.7936501428484917
split,test,2000,6,stage2,0.6456039085835218,0.7169265136122703
split,test,2000,6,stage3,0.42690168364346026,0.5013944982364774
split,test,2000,6,stage4,0.5146281426027417,0.4983429189007729
split,test,2000,7,stage1,0.7349347896724939,0.7633297148942947
split,test,2000,7,stage2,0.6435901006311178,0.7180858273208142
split,test,2000,7,stage3,0.43106506879627704,0.5255158344581723
split,test,2000,7,stage4,0.5013333219587803,0.5058763561714441
split,test,2000,8,stage1,0.718264599069953,0.739781982049346
split,test,2000,8,stage2,0.64134571108222,0.7129073762297631
split,test,2000,8,stage3,0.4936951673924923,0.5839921501129866
split,test,2000,8,stage4,0.605681138753891,0.6197008005231619
split,test,2000,9,stage1,0.6862909738570452,0.6998900563269853
split,test,2000,9,stage2,0.6312537293583155,0.6860336316525936
split,test,2000,9,stage3,0.5231181098222732,0.6157751584649086
split,test,2000,9,stage4,0.6337771782428027,0.6548501565307379
split,test,2000,10,stage1,0.7081955677866936,0.7327021381258965
split,test,2000,10,stage2,0.6583510156571865,0.739295836687088
split,test,2000,10,stage3,0.5416020908504724,0.664558701723814
split,test,2000,10,stage4,0.6395032009929419,0.6752270479798317
split,test,2000,11,stage1,0.6912332824766636,0.7163928865194321
split,test,2000,11,stage2,0.6548431666791439,0.7384554580748082
split,test,2000,11,stage3,0.5531129174232483,0.6885002126246691
split,test,2000,11,stage4,0.6337054254114628,0.6757988210767507
split,test,2000,12,stage1,0.6945347166955471,0.7274738053381443
split,test,2000,12,stage2,0.6645742326229811,0.779561267465353
split,test,2000,12,stage3,0.5673747585266828,0.7325796505659818
split,test,2000,12,stage4,0.640058458685875,0.6862506122142077
split,test,2000,13,stage1,0.6674405096620322,0.7024931149035692
split,test,2000,13,stage2,0.6407001357972621,0.758372281730175
split,test,2000,13,stage3,0.5804453820735216,0.7507580523788929
split,test,2000,13,stage4,0.6533070260584355,0.7055649327337742
split,test,2000,14,stage1,0.648131298288703,0.6755234538614749
split,test,2000,14,stage2,0.6262527945786714,0.7447093595266342
split,test,2000,14,stage3,0.5907388820797205,0.7625375630706549
split,test,2000,14,stage4,0.6588228968381882,0.7087434359043837
split,test,2000,15,stage1,0.6299329118132592,0.6475122026652098
split,test,2000,15,stage2,0.6052701413631439,0.727461561769247
split,test,2000,15,stage3,0.5923897233009339,0.7667834836691618
split,test,2000,15,stage4,0.6641656717956066,0.7091649730354548
split,test,2000,16,stage1,0.6094717103093863,0.6236525092720986
split,test,2000,16,stage2,0.5858706939816475,0.7084835370481014
split,test,2000,16,stage3,0.5804263056218624,0.7526654635667801
split,test,2000,16,stage4,0.6437822937071324,0.6833361206650734
split,test,2000,17,stage1,0.6065001909583807,0.6161698248535394
split,test,2000,17,stage2,0.5787213366180658,0.6999748674184084
split,test,2000,17,stage3,0.5831888912171126,0.7475650812089443
split,test,2000,17,stage4,0.6471670909225941,0.6777161848992109
split,test,2000,18,stage1,0.5944923900067807,0.6049075776785612
split,test,2000,18,stage2,0.5700399044007063,0.684047695055604
split,test,2000,18,stage3,0.5992602747678757,0.7521138991713524
split,test,2000,18,stage4,0.6678902615308762,0.6964270994663239
split,test,2000,19,stage1,0.5853531902581454,0.5829739028811455
split,test,2000,19,stage2,0.5647491924017668,0.6706746471077204
split,test,2000,19,stage3,0.6063435203582048,0.7356336928158999
split,test,2000,19,stage4,0.662755561798811,0.6630911817252636
split,test,2000,20,stage1,0.574741311326623,0.5404198551625014
split,test,2000,20,stage2,0.5505071883499623,0.6391057128161192
split,test,2000,20,stage3,0.5861601697802543,0.6906488614678383
split,test,2000,20,stage4,0.6306979459375143,0.5953977397158742
split,test,2000,21,stage1,0.5747669767439365,0.5343922961354256
split,test,2000,21,stage2,0.5413151166588068,0.6310076991021634
split,test,2000,21,stage3,0.583066121995449,0.6966706550270318
split,test,2000,21,stage4,0.6527326813936234,0.6212820993438363
split,test,2000,22,stage1,0.5658259058445692,0.5462609498277307
split,test,2000,22,stage2,0.5417059225440025,0.6361834258437157
split,test,2000,22,stage3,0.5946874655932188,0.7083767629861831
split,test,2000,22,stage4,0.6496119354814291,0.634152375087142
split,test,2000,23,stage1,0.5679088657796383,0.545612328208983
split,test,2000,23,stage2,0.5412058092057704,0.6334989766329527
split,test,2000,23,stage3,0.5992779844403266,0.7207524399012327
split,test,2000,23,stage4,0.6559111751914024,0.6475452154576778
split,test,2000,24,stage1,0.557482053309679,0.5082567438855767
split,test,2000,24,stage2,0.5359556734114885,0.5230731410682201
split,test,2000,24,stage3,0.6367512037754058,0.6481654606312514
split,test,2000,24,stage4,0.7218597189188004,0.6925115984529256
ref_flag,non_ref,4006,1,stage1,0.6640908732467214,0.6425396615766729
ref_flag,non_ref,4006,1,stage2,0.5151565156679896,0.5320838301726657
ref_flag,non_ref,4006,1,stage3,0.36788157126120014,0.3781612534238713
ref_flag,non_ref,4006,1,stage4,0.4924540586343674,0.42362762680255145
ref_flag,non_ref,4006,2,stage1,0.6911337099712727,0.6347394857743474
ref_flag,non_ref,4006,2,stage2,0.547919140500958,0.526946512639106
ref_flag,non_ref,4006,2,stage3,0.3772429877699642,0.3792941612937765
ref_flag,non_ref,4006,2,stage4,0.49252960294823583,0.4330657885569839
ref_flag,non_ref,4006,3,stage1,0.7087488598931866,0.6777113495442014
ref_flag,non_ref,4006,3,stage2,0.5660926255430511,0.5748738729345221
ref_flag,non_ref,4006,3,stage3,0.3884884527234869,0.41888943538292905
ref_flag,non_ref,4006,3,stage4,0.5036627727909887,0.46539691090392005
ref_flag,non_ref,4006,4,stage1,0.7237210283488318,0.7236395363383928
ref_flag,non_ref,4006,4,stage2,0.5814637106118414,0.6291331378701206
ref_flag,non_ref,4006,4,stage3,0.39714371259368425,0.45372518003024104
ref_flag,non_ref,4006,4,stage4,0.5104601235406523,0.48471831056604153
ref_flag,non_ref,4006,5,stage1,0.7638278692231676,0.7757374529637995
ref_flag,non_ref,4006,5,stage2,0.6306974300207999,0.6969336716237808
ref_flag,non_ref,4006,5,stage3,0.4235987871200873,0.5096142731878499
ref_flag,non_ref,4006,5,stage4,0.524887547519986,0.5202927862227064
ref_flag,non_ref,4006,6,stage1,0.7800211888578494,0.7990372014593257
ref_flag,non_ref,4006,6,stage2,0.6472729061299185,0.7213005091822035
ref_flag,non_ref,4006,6,stage3,0.42921740618635285,0.5084169712280311
ref_flag,non_ref,4006,6,stage4,0.5255848260403899,0.504865212583588
ref_flag,non_ref,4006,7,stage1,0.7382169371983199,0.7671369997578982
ref_flag,non_ref,4006,7,stage2,0.6443645598974099,0.7216772310551083
ref_flag,non_ref,4006,7,stage3,0.4311573432532478,0.5314086372264314
ref_flag,non_ref,4006,7,stage4,0.509078871456909,0.5109008138248892
ref_flag,non_ref,4006,8,stage1,0.720890830129132,0.7400636309855471
ref_flag,non_ref,4006,8,stage2,0.6404471044399354,0.7121017222784188
ref_flag,non_ref,4006,8,stage3,0.49462376744730496,0.5874633404370017
ref_flag,non_ref,4006,8,stage4,0.6138307014540678,0.6246308836782806
ref_flag,non_ref,4006,9,stage1,0.687743045817419,0.6993487910500064
ref_flag,non_ref,4006,9,stage2,0.6303837768774418,0.6851390319738279
ref_flag,non_ref,4006,9,stage3,0.5238540862732034,0.6183500282700753
ref_flag,non_ref,4006,9,stage4,0.6409889856577514,0.658523253505074
ref_flag,non_ref,4006,10,stage1,0.7091087001565094,0.7334467215250565
ref_flag,non_ref,4006,10,stage2,0.657198161883647,0.7394464727020597
ref_flag,non_ref,4006,10,stage3,0.5423233526992727,0.667874247229998
ref_flag,non_ref,4006,10,stage4,0.6470508012200854,0.6789059623056689
ref_flag,non_ref,4006,11,stage1,0.6908132061845829,0.7169053203394219
ref_flag,non_ref,4006,11,stage2,0.6534665022129067,0.7391702177907845
ref_flag,non_ref,4006,11,stage3,0.5536536755439226,0.6918727829271236
ref_flag,non_ref,4006,11,stage4,0.6405238187646366,0.6783024865168663
ref_flag,non_ref,4006,12,stage1,0.694245500701163,0.7297933751561911
ref_flag,non_ref,4006,12,stage2,0.6632518902071345,0.7814943982521654
ref_flag,non_ref,4006,12,stage3,0.5680360309984228,0.7368482181758685
ref_flag,non_ref,4006,12,stage4,0.6471319576233432,0.6892940348169534
ref_flag,non_ref,4006,13,stage1,0.6674348174915633,0.705315729401377
ref_flag,non_ref,4006,13,stage2,0.6393201289790544,0.7607211732917943
ref_flag,non_ref,4006,13,stage3,0.5807722262960044,0.7547217325395307
ref_flag,non_ref,4006,13,stage4,0.6596044638248545,0.7079113319002862
ref_flag,non_ref,4006,14,stage1,0.6482175756887502,0.6785909508578609
ref_flag,non_ref,4006,14,stage2,0.6249841096635705,0.7474554543398764
ref_flag,non_ref,4006,14,stage3,0.591029845181847,0.7664961859293717
ref_flag,non_ref,4006,14,stage4,0.664658708418838,0.7111278413030069
ref_flag,non_ref,4006,15,stage1,0.6298252752778891,0.6512299631231735
ref_flag,non_ref,4006,15,stage2,0.6039189707991842,0.7306251907670016
ref_flag,non_ref,4006,15,stage3,0.5923319613255088,0.7706306243219556
ref_flag,non_ref,4006,15,stage4,0.6698515107497178,0.7114589739399318
ref_flag,non_ref,4006,16,stage1,0.6096336895519058,0.6281278003797612
ref_flag,non_ref,4006,16,stage2,0.5845245303687487,0.712450655442265
ref_flag,non_ref,4006,16,stage3,0.5792988995373755,0.7560949882327825
ref_flag,non_ref,4006,16,stage4,0.6486184553866736,0.6848136606108708
ref_flag,non_ref,4006,17,stage1,0.6072203922780585,0.6215524644820142
ref_flag,non_ref,4006,17,stage2,0.5779583544744233,0.7048112140913576
ref_flag,non_ref,4006,17,stage3,0.582083257425742,0.7510422190248639
ref_flag,non_ref,4006,17,stage4,0.6516351990487298,0.6789817680389477
ref_flag,non_ref,4006,18,stage1,0.5954965550379936,0.6098382877101317
ref_flag,non_ref,4006,18,stage2,0.5693866247334483,0.6883284377414943
ref_flag,non_ref,4006,18,stage3,0.5982367294955361,0.7557709757619897
ref_flag,non_ref,4006,18,stage4,0.6726152875529964,0.6988381530068484
ref_flag,non_ref,4006,19,stage1,0.586012139246872,0.5878481154241266
ref_flag,non_ref,4006,19,stage2,0.5640616007167818,0.6753733130883289
ref_flag,non_ref,4006,19,stage3,0.6052497036148772,0.7385489272806446
ref_flag,non_ref,4006,19,stage4,0.6665850475735505,0.6644755175232113
ref_flag,non_ref,4006,20,stage1,0.5756523315378623,0.5453454513126949
ref_flag,non_ref,4006,20,stage2,0.5507248397460891,0.6443605821354652
ref_flag,non_ref,4006,20,stage3,0.5854857060993188,0.6930846289447469
ref_flag,non_ref,4006,20,stage4,0.6352432885663365,0.597220473036103
ref_flag,non_ref,4006,21,stage1,0.5765169917778319,0.5415317347525241
ref_flag,non_ref,4006,21,stage2,0.5409426898939634,0.6373858067820326
ref_flag,non_ref,4006,21,stage3,0.5818215565968917,0.7006293607543721
ref_flag,non_ref,4006,21,stage4,0.6575396747304628,0.6254386898247349
ref_flag,non_ref,4006,22,stage1,0.5672660698994243,0.5516139119826313
ref_flag,non_ref,4006,22,stage2,0.5418508033557826,0.6412152849059669
ref_flag,non_ref,4006,22,stage3,0.5935776406639645,0.7106297252866189
ref_flag,non_ref,4006,22,stage4,0.6525630537221506,0.6363665494050494
ref_flag,non_ref,4006,23,stage1,0.5703168626999295,0.5521546964511773
ref_flag,non_ref,4006,23,stage2,0.5418575225445371,0.6390947097995194
ref_flag,non_ref,4006,23,stage3,0.5979988986604879,0.72350761795038
ref_flag,non_ref,4006,23,stage4,0.6591977628763473,0.650349186142861
ref_flag,non_ref,4006,24,stage1,0.5616363903997662,0.5069491229598009
ref_flag,non_ref,4006,24,stage2,0.5361594502338456,0.5208672116428271
ref_flag,non_ref,4006,24,stage3,0.6350647231607632,0.6460697771204869
ref_flag,non_ref,4006,24,stage4,0.7260372286445786,0.6965354673129228
